{"cameraMode":{"drawMode":0,"name":"Shaded","section":"Shading Mode"},"sceneLighting":true,"audioPlay":false,"sceneViewState":{"m_AlwaysRefresh":false,"showFog":true,"showSkybox":true,"showFlares":true,"showImageEffects":true,"showParticleSystems":true,"showVisualEffectGraphs":true,"m_FxEnabled":true},"in2DMode":false,"pivot":{"x":1.0430926084518433,"y":0.5546126365661621,"z":-0.35134077072143557},"rotation":{"x":-0.35370567440986636,"y":-0.16788561642169953,"z":0.06469467282295227,"w":-0.9178940057754517},"size":3.5660252571105959,"orthographic":false}